title,genres,director_cast,average_rating,description,cover_url
肖申克的救赎,犯罪|剧情,导演: 弗兰克·德拉邦特 Frank Darabont   主演: 蒂姆·罗宾斯 Tim Robbins /...,9.7,暂无简介,https://img3.doubanio.com/view/photo/s_ratio_poster/public/p480747492.jpg
霸王别姬,剧情|爱情|同性,导演: 陈凯歌 Kaige Chen   主演: 张国荣 Leslie Cheung / 张丰毅 Fengyi Zha...,9.6,暂无简介,https://img1.doubanio.com/view/photo/s_ratio_poster/public/p2911205318.jpg
阿甘正传,剧情|爱情,导演: 罗伯特·泽米吉斯 Robert Zemeckis   主演: 汤姆·汉克斯 Tom Hanks / ...,9.5,暂无简介,https://img3.doubanio.com/view/photo/s_ratio_poster/public/p2500944103.jpg
千与千寻,剧情|动画|奇幻,导演: 宫崎骏 Hayao Miyazaki   主演: 柊瑠美 Rumi Hîragi / 入野自由 Miy...,9.4,暂无简介,https://img1.doubanio.com/view/photo/s_ratio_poster/public/p2557573348.jpg
美丽人生,剧情|喜剧|爱情|战争,导演: 罗伯托·贝尼尼 Roberto Benigni   主演: 罗伯托·贝尼尼 Roberto Beni...,9.5,暂无简介,https://img3.doubanio.com/view/photo/s_ratio_poster/public/p2578474613.jpg
星际穿越,剧情|科幻|冒险,导演: 克里斯托弗·诺兰 Christopher Nolan   主演: 马修·麦康纳 Matthew Mc...,9.4,暂无简介,https://img3.doubanio.com/view/photo/s_ratio_poster/public/p2614988097.jpg
楚门的世界,剧情|科幻,导演: 彼得·威尔 Peter Weir   主演: 金·凯瑞 Jim Carrey / 劳拉·琳妮 Lau...,9.4,暂无简介,https://img3.doubanio.com/view/photo/s_ratio_poster/public/p479682972.jpg
辛德勒的名单,剧情|历史|战争,导演: 史蒂文·斯皮尔伯格 Steven Spielberg   主演: 连姆·尼森 Liam Neeson...,9.5,暂无简介,https://img3.doubanio.com/view/photo/s_ratio_poster/public/p492406163.jpg
忠犬八公的故事,剧情,导演: 莱塞·霍尔斯道姆 Lasse Hallström   主演: 理查·基尔 Richard Ger...,9.4,暂无简介,https://img1.doubanio.com/view/photo/s_ratio_poster/public/p2587099240.jpg
海上钢琴师,剧情|音乐,导演: 朱塞佩·托纳多雷 Giuseppe Tornatore   主演: 蒂姆·罗斯 Tim Roth / ...,9.3,暂无简介,https://img9.doubanio.com/view/photo/s_ratio_poster/public/p2914698334.jpg
疯狂动物城,喜剧|动画|冒险,导演: 拜伦·霍华德 Byron Howard / 瑞奇·摩尔 Rich Moore   主演: 金妮弗·...,9.3,暂无简介,https://img9.doubanio.com/view/photo/s_ratio_poster/public/p2924128964.jpg
三傻大闹宝莱坞,剧情|喜剧|爱情|歌舞,导演: 拉库马·希拉尼 Rajkumar Hirani   主演: 阿米尔·汗 Aamir Khan / 卡...,9.2,暂无简介,https://img2.doubanio.com/view/photo/s_ratio_poster/public/p579729551.jpg
机器人总动员,科幻|动画|冒险,导演: 安德鲁·斯坦顿 Andrew Stanton   主演: 本·贝尔特 Ben Burtt / 艾丽...,9.3,暂无简介,https://img2.doubanio.com/view/photo/s_ratio_poster/public/p1461851991.jpg
放牛班的春天,剧情|音乐,导演: 克里斯托夫·巴拉蒂 Christophe Barratier   主演: 让-巴蒂斯特·莫尼...,9.3,暂无简介,https://img1.doubanio.com/view/photo/s_ratio_poster/public/p2884280708.jpg
无间道,剧情|犯罪|惊悚,导演: 刘伟强 / 麦兆辉   主演: 刘德华 Andy Lau / 梁朝伟 Tony Leung Chiu W...,9.3,暂无简介,https://img3.doubanio.com/view/photo/s_ratio_poster/public/p2597979873.jpg
控方证人,剧情|犯罪|悬疑|惊悚,导演: 比利·怀尔德 Billy Wilder   主演: 泰隆·鲍华 Tyrone Power / 玛琳·...,9.6,暂无简介,https://img3.doubanio.com/view/photo/s_ratio_poster/public/p2927451337.jpg
寻梦环游记,喜剧|动画|奇幻|音乐,导演: 李·昂克里奇 Lee Unkrich / 阿德里安·莫利纳 Adrian Molina   主演: ...,9.1,暂无简介,https://img2.doubanio.com/view/photo/s_ratio_poster/public/p2505426431.jpg
大话西游之大圣娶亲,喜剧|爱情|奇幻|古装,导演: 刘镇伟 Jeffrey Lau   主演: 周星驰 Stephen Chow / 吴孟达 Man Tat Ng...,9.2,暂无简介,https://img9.doubanio.com/view/photo/s_ratio_poster/public/p2455050536.jpg
熔炉,剧情,导演: 黄东赫 Dong-hyuk Hwang   主演: 孔侑 Yoo Gong / 郑有美 Yu-mi Jung /...,9.3,暂无简介,https://img9.doubanio.com/view/photo/s_ratio_poster/public/p1363250216.jpg
触不可及,剧情|喜剧,导演: 奥利维·那卡什 Olivier Nakache / 艾力克·托兰达 Eric Toledano   主...,9.3,暂无简介,https://img9.doubanio.com/view/photo/s_ratio_poster/public/p1454261925.jpg
教父,剧情|犯罪,导演: 弗朗西斯·福特·科波拉 Francis Ford Coppola   主演: 马龙·白兰度 M...,9.3,暂无简介,https://img9.doubanio.com/view/photo/s_ratio_poster/public/p616779645.jpg
末代皇帝,剧情|传记|历史,导演: 贝纳尔多·贝托鲁奇 Bernardo Bertolucci   主演: 尊龙 John Lone / 陈...,9.3,暂无简介,https://img3.doubanio.com/view/photo/s_ratio_poster/public/p452089833.jpg
哈利·波特与魔法石,奇幻|冒险,导演: Chris Columbus   主演: Daniel Radcliffe / Emma Watson / Rupert Grint,9.2,暂无简介,https://img1.doubanio.com/view/photo/s_ratio_poster/public/p2913781448.jpg
当幸福来敲门,剧情|传记|家庭,导演: 加布里尔·穆奇诺 Gabriele Muccino   主演: 威尔·史密斯 Will Smith ...,9.1,暂无简介,https://img1.doubanio.com/view/photo/s_ratio_poster/public/p1312700628.jpg
龙猫,动画|奇幻|冒险,导演: 宫崎骏 Hayao Miyazaki   主演: 日高法子 Noriko Hidaka / 坂本千夏 Ch...,9.2,暂无简介,https://img9.doubanio.com/view/photo/s_ratio_poster/public/p2540924496.jpg
活着,剧情|历史|家庭,导演: 张艺谋 Yimou Zhang   主演: 葛优 You Ge / 巩俐 Li Gong / 姜武 Wu Jiang,9.3,暂无简介,https://img3.doubanio.com/view/photo/s_ratio_poster/public/p2597919477.jpg
怦然心动,剧情|喜剧|爱情,导演: 罗伯·莱纳 Rob Reiner   主演: 玛德琳·卡罗尔 Madeline Carroll / 卡...,9.1,暂无简介,https://img1.doubanio.com/view/photo/s_ratio_poster/public/p501177648.jpg
蝙蝠侠：黑暗骑士,剧情|动作|科幻|犯罪|惊悚,导演: 克里斯托弗·诺兰 Christopher Nolan   主演: 克里斯蒂安·贝尔 Christ...,9.2,暂无简介,https://img3.doubanio.com/view/photo/s_ratio_poster/public/p462657443.jpg
指环王3：王者无敌,剧情|动作|奇幻|冒险,导演: 彼得·杰克逊 Peter Jackson   主演: 伊利亚·伍德 Elijah Wood / 西恩...,9.3,暂无简介,https://img3.doubanio.com/view/photo/s_ratio_poster/public/p2642829472.jpg
我不是药神,剧情|喜剧,导演: 文牧野 Muye Wen   主演: 徐峥 Zheng Xu / 王传君 Chuanjun Wang / 周...,9.0,暂无简介,https://img1.doubanio.com/view/photo/s_ratio_poster/public/p2527119568.jpg
乱世佳人,剧情|历史|爱情|战争,导演: 维克多·弗莱明 Victor Fleming / 乔治·库克 George Cukor   主演: 费...,9.3,暂无简介,https://img1.doubanio.com/view/photo/s_ratio_poster/public/p1963126880.jpg
飞屋环游记,剧情|喜剧|动画|冒险,导演: 彼特·道格特 Pete Docter / 鲍勃·彼德森 Bob Peterson   主演: 爱德...,9.1,暂无简介,https://img1.doubanio.com/view/photo/s_ratio_poster/public/p2553594918.jpg
让子弹飞,剧情|喜剧|动作|西部,导演: 姜文 Wen Jiang   主演: 姜文 Wen Jiang / 葛优 You Ge / 周润发 Yun-F...,9.0,暂无简介,https://img3.doubanio.com/view/photo/s_ratio_poster/public/p1512562287.jpg
哈尔的移动城堡,爱情|动画|奇幻|冒险,导演: 宫崎骏 Hayao Miyazaki   主演: 倍赏千惠子 Chieko Baishô / 木村拓...,9.1,暂无简介,https://img9.doubanio.com/view/photo/s_ratio_poster/public/p2907583906.jpg
十二怒汉,剧情,导演: 西德尼·吕美特 Sidney Lumet   主演: 亨利·方达 Henry Fonda / 马丁...,9.4,暂无简介,https://img3.doubanio.com/view/photo/s_ratio_poster/public/p2173577632.jpg
海蒂和爷爷,剧情|冒险|家庭,导演: 阿兰·葛斯彭纳 Alain Gsponer   主演: 阿努克·斯特芬 Anuk Steffen /...,9.3,暂无简介,https://img9.doubanio.com/view/photo/s_ratio_poster/public/p2554525534.jpg
素媛,剧情,导演: 李濬益 Jun-ik Lee   主演: 薛景求 Kyung-gu Sol / 严志媛 Ji-won Uhm ...,9.3,暂无简介,https://img9.doubanio.com/view/photo/s_ratio_poster/public/p2118532944.jpg
猫鼠游戏,传记|犯罪|剧情,导演: 史蒂文·斯皮尔伯格 Steven Spielberg   主演: 莱昂纳多·迪卡普里奥 L...,9.1,暂无简介,https://img2.doubanio.com/view/photo/s_ratio_poster/public/p453924541.jpg
天空之城,动画|奇幻|冒险,导演: 宫崎骏 Hayao Miyazaki   主演: 田中真弓 Mayumi Tanaka / 横泽启子 Ke...,9.2,暂无简介,https://img2.doubanio.com/view/photo/s_ratio_poster/public/p2892409201.jpg
鬼子来了,剧情|喜剧,导演: 姜文 Wen Jiang   主演: 姜文 Wen Jiang / 香川照之 Teruyuki Kagawa /...,9.3,暂无简介,https://img1.doubanio.com/view/photo/s_ratio_poster/public/p776573640.jpg
摔跤吧！爸爸,剧情|传记|运动|家庭,导演: 涅提·蒂瓦里 Nitesh Tiwari   主演: 阿米尔·汗 Aamir Khan / 法缇玛...,9.0,暂无简介,https://img1.doubanio.com/view/photo/s_ratio_poster/public/p2401676338.jpg
少年派的奇幻漂流,剧情|奇幻|冒险,导演: 李安 Ang Lee   主演: 苏拉·沙玛 Suraj Sharma / 伊尔凡·可汗 Irrfan...,9.1,暂无简介,https://img2.doubanio.com/view/photo/s_ratio_poster/public/p1784592701.jpg
钢琴家,剧情|传记|战争|音乐,导演: 罗曼·波兰斯基 Roman Polanski   主演: 艾德里安·布洛迪 Adrien Brod...,9.3,暂无简介,https://img2.doubanio.com/view/photo/s_ratio_poster/public/p1381339291.jpg
指环王2：双塔奇兵,剧情|动作|奇幻|冒险,导演: 彼得·杰克逊 Peter Jackson   主演: 伊利亚·伍德 Elijah Wood / 西恩...,9.2,暂无简介,https://img9.doubanio.com/view/photo/s_ratio_poster/public/p2640236255.jpg
死亡诗社,剧情,导演: 彼得·威尔 Peter Weir   主演: 罗宾·威廉姆斯 Robin Williams / 罗伯...,9.2,暂无简介,https://img1.doubanio.com/view/photo/s_ratio_poster/public/p2575465690.jpg
大话西游之月光宝盒,喜剧|爱情|奇幻|古装,导演: 刘镇伟 Jeffrey Lau   主演: 周星驰 Stephen Chow / 吴孟达 Man Tat Ng...,9.0,暂无简介,https://img3.doubanio.com/view/photo/s_ratio_poster/public/p2561721372.jpg
绿皮书,剧情|喜剧|传记|音乐,导演: 彼得·法雷里 Peter Farrelly   主演: 维果·莫腾森 Viggo Mortensen /...,8.9,暂无简介,https://img2.doubanio.com/view/photo/s_ratio_poster/public/p2531065411.jpg
何以为家,剧情,导演: 娜丁·拉巴基 Nadine Labaki   主演: 扎因·拉费阿 Zain al-Rafeea / ...,9.1,暂无简介,https://img3.doubanio.com/view/photo/s_ratio_poster/public/p2875749222.jpg
闻香识女人,剧情,导演: 马丁·布莱斯 Martin Brest   主演: 阿尔·帕西诺 Al Pacino / 克里斯...,9.1,暂无简介,https://img1.doubanio.com/view/photo/s_ratio_poster/public/p2550757929.jpg
大闹天宫,剧情|动画|奇幻|古装,导演: 万籁鸣 Laiming Wan   主演: 邱岳峰 Yuefeng Qiu / 富润生 Runsheng Fu...,9.4,暂无简介,https://img3.doubanio.com/view/photo/s_ratio_poster/public/p2184505167.jpg
黑客帝国,动作|科幻,导演: 安迪·沃卓斯基 Andy Wachowski / 拉娜·沃卓斯基 Lana Wachowski   主...,9.1,暂无简介,https://img1.doubanio.com/view/photo/s_ratio_poster/public/p451926968.jpg
指环王1：护戒使者,剧情|动作|奇幻|冒险,导演: 彼得·杰克逊 Peter Jackson   主演: 伊利亚·伍德 Elijah Wood / 西恩...,9.1,暂无简介,https://img9.doubanio.com/view/photo/s_ratio_poster/public/p2197698335.jpg
罗马假日,喜剧|剧情|爱情,导演: 威廉·惠勒 William Wyler   主演: 奥黛丽·赫本 Audrey Hepburn / 格...,9.1,暂无简介,https://img9.doubanio.com/view/photo/s_ratio_poster/public/p2189265085.jpg
教父2,剧情|犯罪,导演: 弗朗西斯·福特·科波拉 Francis Ford Coppola   主演: 阿尔·帕西诺 A...,9.3,暂无简介,https://img3.doubanio.com/view/photo/s_ratio_poster/public/p2194138787.jpg
狮子王,动画|冒险|歌舞,导演: Roger Allers / 罗伯·明可夫 Rob Minkoff   主演: 乔纳森·泰勒·托马...,9.1,暂无简介,https://img3.doubanio.com/view/photo/s_ratio_poster/public/p726659067.jpg
天堂电影院,剧情|爱情,导演: 朱塞佩·托纳多雷 Giuseppe Tornatore   主演: 菲利普·努瓦雷 Philipp...,9.2,暂无简介,https://img1.doubanio.com/view/photo/s_ratio_poster/public/p2653054340.jpg
饮食男女,剧情|家庭,导演: 李安 Ang Lee   主演: 郎雄 Sihung Lung / 杨贵媚 Kuei-Mei Yang / 吴...,9.2,暂无简介,https://img2.doubanio.com/view/photo/s_ratio_poster/public/p1910899751.jpg
辩护人,剧情,导演: 杨宇硕 Woo-seok Yang   主演: 宋康昊 Kang-ho Song / 金英爱 Yeong-ae...,9.2,暂无简介,https://img9.doubanio.com/view/photo/s_ratio_poster/public/p2158166535.jpg
本杰明·巴顿奇事,剧情|爱情|奇幻,导演: 大卫·芬奇 David Fincher   主演: 布拉德·皮特 Brad Pitt / 凯特·布...,9.0,暂无简介,https://img3.doubanio.com/view/photo/s_ratio_poster/public/p2192535722.jpg
搏击俱乐部,剧情|动作|悬疑|惊悚,导演: 大卫·芬奇 David Fincher   主演: 爱德华·诺顿 Edward Norton / 布拉...,9.0,暂无简介,https://img3.doubanio.com/view/photo/s_ratio_poster/public/p1910931622.jpg
美丽心灵,传记|剧情,导演: 朗·霍华德 Ron Howard   主演: 罗素·克劳 Russell Crowe / 艾德·哈...,9.1,暂无简介,https://img1.doubanio.com/view/photo/s_ratio_poster/public/p1665997400.jpg
穿条纹睡衣的男孩,剧情|战争,导演: 马克·赫尔曼 Mark Herman   主演: 阿萨·巴特菲尔德 Asa Butterfield ...,9.2,暂无简介,https://img3.doubanio.com/view/photo/s_ratio_poster/public/p1473670352.jpg
情书,剧情|爱情,导演: 岩井俊二 Shunji Iwai   主演: 中山美穗 Miho Nakayama / 丰川悦司 Ets...,8.9,暂无简介,https://img1.doubanio.com/view/photo/s_ratio_poster/public/p2648230660.jpg
哈利·波特与死亡圣器(下),奇幻|冒险,导演: 大卫·叶茨 David Yates   主演: 丹尼尔·雷德克里夫 Daniel Radcliffe...,9.0,暂无简介,https://img1.doubanio.com/view/photo/s_ratio_poster/public/p2913457020.jpg
两杆大烟枪,剧情|喜剧|犯罪,导演: 盖·里奇 Guy Ritchie   主演: 杰森·弗莱明 Jason Flemyng / 德克斯特...,9.1,暂无简介,https://img1.doubanio.com/view/photo/s_ratio_poster/public/p792443418.jpg
窃听风暴,剧情|悬疑,导演: 弗洛里安·亨克尔·冯·多纳斯马尔克 Florian Henckel von Donnersmarck  &n...,9.2,暂无简介,https://img1.doubanio.com/view/photo/s_ratio_poster/public/p1808872109.jpg
音乐之声,剧情|传记|爱情|歌舞,导演: 罗伯特·怀斯 Robert Wise   主演: 朱莉·安德鲁斯 Julie Andrews / 克...,9.1,暂无简介,https://img3.doubanio.com/view/photo/s_ratio_poster/public/p453788577.jpg
功夫,动作|喜剧|犯罪|奇幻,导演: 周星驰 Stephen Chow   主演: 周星驰 Stephen Chow / 元秋 Qiu Yuen / ...,8.9,暂无简介,https://img1.doubanio.com/view/photo/s_ratio_poster/public/p2219011938.jpg
哈利·波特与阿兹卡班的囚徒,奇幻|冒险,导演: 阿方索·卡隆 Alfonso Cuarón   主演: 丹尼尔·雷德克里夫 Daniel Rad...,9.0,暂无简介,https://img1.doubanio.com/view/photo/s_ratio_poster/public/p2913456870.jpg
西西里的美丽传说,剧情|战争|情色,导演: 朱塞佩·托纳多雷 Giuseppe Tornatore   主演: 莫妮卡·贝鲁奇 Monica ...,8.9,暂无简介,https://img1.doubanio.com/view/photo/s_ratio_poster/public/p2441988159.jpg
阿凡达,动作|科幻|冒险,导演: 詹姆斯·卡梅隆 James Cameron   主演: 萨姆·沃辛顿 Sam Worthington ...,8.8,暂无简介,https://img1.doubanio.com/view/photo/s_ratio_poster/public/p2180085848.jpg
看不见的客人,剧情|犯罪|悬疑|惊悚,导演: 奥里奥尔·保罗 Oriol Paulo   主演: 马里奥·卡萨斯 Mario Casas / 阿...,8.8,暂无简介,https://img9.doubanio.com/view/photo/s_ratio_poster/public/p2498971355.jpg
拯救大兵瑞恩,剧情|战争,导演: 史蒂文·斯皮尔伯格 Steven Spielberg   主演: 汤姆·汉克斯 Tom Hanks...,9.1,暂无简介,https://img9.doubanio.com/view/photo/s_ratio_poster/public/p1014542496.jpg
沉默的羔羊,剧情|犯罪|惊悚,导演: 乔纳森·戴米 Jonathan Demme   主演: 朱迪·福斯特 Jodie Foster / 安...,8.9,暂无简介,https://img3.doubanio.com/view/photo/s_ratio_poster/public/p1593414327.jpg
小鞋子,剧情|儿童|家庭,导演: 马基德·马基迪 Majid Majidi   主演: 默罕默德·阿米尔·纳吉 Mohamma...,9.2,暂无简介,https://img9.doubanio.com/view/photo/s_ratio_poster/public/p2165511465.jpg
布达佩斯大饭店,剧情|喜剧|冒险,导演: 韦斯·安德森 Wes Anderson   主演: 拉尔夫·费因斯 Ralph Fiennes / ...,8.9,暂无简介,https://img3.doubanio.com/view/photo/s_ratio_poster/public/p2183539003.jpg
蝴蝶效应,剧情|悬疑|科幻|惊悚,导演: 埃里克·布雷斯 Eric Bress / J·麦基·格鲁伯 J. Mackye Gruber   主...,8.9,暂无简介,https://img1.doubanio.com/view/photo/s_ratio_poster/public/p2209066019.jpg
飞越疯人院,剧情,导演: 米洛斯·福尔曼 Miloš Forman   主演: 杰克·尼科尔森 Jack Nichols...,9.1,暂无简介,https://img3.doubanio.com/view/photo/s_ratio_poster/public/p792238287.jpg
禁闭岛,剧情|悬疑|惊悚,导演: Martin Scorsese   主演: 莱昂纳多·迪卡普里奥 Leonardo DiCaprio / ...,8.9,暂无简介,https://img1.doubanio.com/view/photo/s_ratio_poster/public/p450262388.jpg
还有明天,剧情|喜剧|历史,导演: 宝拉·柯特莱西 Paola Cortellesi   主演: 宝拉·柯特莱西 Paola Corte...,9.3,暂无简介,https://img9.doubanio.com/view/photo/s_ratio_poster/public/p2918279456.jpg
心灵捕手,剧情,导演: 格斯·范·桑特 Gus Van Sant   主演: 马特·达蒙 Matt Damon / 罗宾·...,9.0,暂无简介,https://img9.doubanio.com/view/photo/s_ratio_poster/public/p480965695.jpg
致命魔术,剧情|悬疑|惊悚,导演: 克里斯托弗·诺兰 Christopher Nolan   主演: 休·杰克曼 Hugh Jackman...,8.9,暂无简介,https://img9.doubanio.com/view/photo/s_ratio_poster/public/p480383375.jpg
低俗小说,剧情|喜剧|犯罪,导演: 昆汀·塔伦蒂诺 Quentin Tarantino   主演: 约翰·特拉沃尔塔 John Tra...,8.9,暂无简介,https://img3.doubanio.com/view/photo/s_ratio_poster/public/p1910902213.jpg
超脱,剧情,导演: 托尼·凯耶 Tony Kaye   主演: 艾德里安·布洛迪 Adrien Brody / 马西...,9.0,暂无简介,https://img2.doubanio.com/view/photo/s_ratio_poster/public/p1305562621.jpg
哈利·波特与密室,奇幻|冒险,导演: Chris Columbus   主演: 丹尼尔·雷德克里夫 Daniel Radcliffe / 艾玛...,8.9,暂无简介,https://img2.doubanio.com/view/photo/s_ratio_poster/public/p2913781951.jpg
一一,剧情|爱情|家庭,导演: 杨德昌 Edward Yang   主演: 吴念真 / 李凯莉 Kelly Lee / 金燕玲 Elai...,9.1,暂无简介,https://img1.doubanio.com/view/photo/s_ratio_poster/public/p2924629258.jpg
喜剧之王,喜剧|剧情|爱情,导演: 周星驰 Stephen Chow / 李力持 Lik-Chi Lee   主演: 周星驰 Stephen Ch...,8.8,暂无简介,https://img9.doubanio.com/view/photo/s_ratio_poster/public/p2917778954.jpg
摩登时代,剧情|喜剧|爱情,导演: 查理·卓别林 Charles Chaplin   主演: 查理·卓别林 Charles Chaplin ...,9.3,暂无简介,https://img1.doubanio.com/view/photo/s_ratio_poster/public/p2263408369.jpg
杀人回忆,剧情|动作|犯罪|悬疑|惊悚,导演: 奉俊昊 Joon-ho Bong   主演: 宋康昊 Kang-ho Song / 金相庆 Sang-kyun...,8.9,暂无简介,https://img1.doubanio.com/view/photo/s_ratio_poster/public/p1633113220.jpg
致命ID,剧情|悬疑|惊悚,导演: 詹姆斯·曼高德 James Mangold   主演: 约翰·库萨克 John Cusack / 雷...,8.9,暂无简介,https://img9.doubanio.com/view/photo/s_ratio_poster/public/p2558364386.jpg
春光乍泄,剧情|爱情|同性,导演: 王家卫 Kar Wai Wong   主演: 张国荣 Leslie Cheung / 梁朝伟 Tony Leu...,9.0,暂无简介,https://img2.doubanio.com/view/photo/s_ratio_poster/public/p465939041.jpg
加勒比海盗,动作|冒险|奇幻,导演: 戈尔·维宾斯基 Gore Verbinski   主演: 约翰尼·德普 Johnny Depp / ...,8.8,暂无简介,https://img9.doubanio.com/view/photo/s_ratio_poster/public/p1596085504.jpg
海豚湾,纪录片,导演: 路易·西霍尤斯 Louie Psihoyos   主演: 路易·西霍尤斯 Louie Psihoyo...,9.3,暂无简介,https://img1.doubanio.com/view/photo/s_ratio_poster/public/p2559579779.jpg
美国往事,犯罪|剧情,导演: 赛尔乔·莱翁内 Sergio Leone   主演: 罗伯特·德尼罗 Robert De Niro ...,9.1,暂无简介,https://img3.doubanio.com/view/photo/s_ratio_poster/public/p477229647.jpg
红辣椒,动画|悬疑|科幻|惊悚,导演: 今敏 Satoshi Kon   主演: 林原惠美 Megumi Hayashibara / 江守彻 Toru...,9.0,暂无简介,https://img1.doubanio.com/view/photo/s_ratio_poster/public/p2794776839.jpg
七宗罪,剧情|犯罪|悬疑|惊悚,导演: 大卫·芬奇 David Fincher   主演: 摩根·弗里曼 Morgan Freeman / 布...,8.8,暂无简介,https://img9.doubanio.com/view/photo/s_ratio_poster/public/p2219586434.jpg
唐伯虎点秋香,喜剧|爱情|古装,导演: 李力持 Lik-Chi Lee   主演: 周星驰 Stephen Chow / 巩俐 Li Gong / 陈...,8.8,暂无简介,https://img9.doubanio.com/view/photo/s_ratio_poster/public/p2357915564.jpg
狩猎,剧情,导演: 托马斯·温特伯格 Thomas Vinterberg   主演: 麦斯·米科尔森 Mads Mik...,9.1,暂无简介,https://img3.doubanio.com/view/photo/s_ratio_poster/public/p1546987967.jpg
幽灵公主,动画|奇幻|冒险,导演: 宫崎骏 Hayao Miyazaki   主演: 松田洋治 Yôji Matsuda / 石田百合...,8.9,暂无简介,https://img3.doubanio.com/view/photo/s_ratio_poster/public/p2920895053.jpg
甜蜜蜜,剧情|爱情,导演: 陈可辛 Peter Chan   主演: 黎明 Leon Lai / 张曼玉 Maggie Cheung / ...,8.9,暂无简介,https://img9.doubanio.com/view/photo/s_ratio_poster/public/p2223011274.jpg
寄生虫,剧情,导演: 奉俊昊 Joon-ho Bong   主演: 宋康昊 Kang-ho Song / 李善均 Seon-gyun...,8.8,暂无简介,https://img1.doubanio.com/view/photo/s_ratio_poster/public/p2561439800.jpg
天书奇谭,动画|奇幻,导演: 王树忱 Shuchen Wang / 钱运达 Yunda Qian   主演: 丁建华 Jianhua Din...,9.2,暂无简介,https://img9.doubanio.com/view/photo/s_ratio_poster/public/p2700138245.jpg
蝙蝠侠：黑暗骑士崛起,剧情|动作|科幻|犯罪|惊悚,导演: 克里斯托弗·诺兰 Christopher Nolan   主演: 克里斯蒂安·贝尔 Christ...,8.9,暂无简介,https://img9.doubanio.com/view/photo/s_ratio_poster/public/p1706428744.jpg
超能陆战队,喜剧|动作|科幻|动画|冒险,导演: 唐·霍尔 Don Hall / 克里斯·威廉姆斯 Chris Williams   主演: 斯科特...,8.8,暂无简介,https://img1.doubanio.com/view/photo/s_ratio_poster/public/p2224568669.jpg
7号房的礼物,剧情|喜剧|家庭,导演: 李焕庆 Hwan-kyeong Lee   主演: 柳承龙 Seung-yong Ryoo / 朴信惠 Shi...,8.9,暂无简介,https://img9.doubanio.com/view/photo/s_ratio_poster/public/p1816276065.jpg
第六感,剧情|悬疑|惊悚,导演: M·奈特·沙马兰 M. Night Shyamalan   主演: 布鲁斯·威利斯 Bruce Wi...,8.9,暂无简介,https://img9.doubanio.com/view/photo/s_ratio_poster/public/p2220184425.jpg
茶馆,剧情|历史,导演: 谢添 Tian Xie   主演: 于是之 Shizhi Yu / 郑榕 Rong Zhen / 蓝天野 T...,9.5,暂无简介,https://img9.doubanio.com/view/photo/s_ratio_poster/public/p2528965424.jpg
爱在黎明破晓前,剧情|爱情,导演: 理查德·林克莱特 Richard Linklater   主演: 伊桑·霍克 Ethan Hawke ...,8.8,暂无简介,https://img9.doubanio.com/view/photo/s_ratio_poster/public/p2555762374.jpg
爱在日落黄昏时,剧情|爱情,导演: 理查德·林克莱特 Richard Linklater   主演: 伊桑·霍克 Ethan Hawke ...,8.9,暂无简介,https://img9.doubanio.com/view/photo/s_ratio_poster/public/p2191788134.jpg
被嫌弃的松子的一生,剧情|歌舞,导演: 中岛哲也 Tetsuya Nakashima   主演: 中谷美纪 Miki Nakatani / 瑛太 E...,8.8,暂无简介,https://img9.doubanio.com/view/photo/s_ratio_poster/public/p884763596.jpg
哈利·波特与火焰杯,悬疑|奇幻|冒险,导演: 迈克·内威尔 Mike Newell   主演: 丹尼尔·雷德克里夫 Daniel Radclif...,8.8,暂无简介,https://img9.doubanio.com/view/photo/s_ratio_poster/public/p2913456904.jpg
头脑特工队,喜剧|动画|冒险,导演: 彼特·道格特 Pete Docter / 罗纳尔多·德尔·卡门 Ronaldo Del Carmen  &nb...,8.8,暂无简介,https://img1.doubanio.com/view/photo/s_ratio_poster/public/p2874927470.jpg
未麻的部屋,剧情|犯罪|动画|悬疑|惊悚,导演: 今敏 Satoshi Kon   主演: 岩男润子 Junko Iwao / 松本梨香 Rica Matsu...,9.1,暂无简介,https://img3.doubanio.com/view/photo/s_ratio_poster/public/p1351050722.jpg
重庆森林,剧情|爱情,导演: 王家卫 Kar Wai Wong   主演: 林青霞 Brigitte Lin / 金城武 Takeshi K...,8.8,暂无简介,https://img2.doubanio.com/view/photo/s_ratio_poster/public/p792381411.jpg
借东西的小人阿莉埃蒂,动画|奇幻|冒险,导演: 米林宏昌 Hiromasa Yonebayashi   主演: 志田未来 Mirai Shida / 神木...,8.9,暂无简介,https://img9.doubanio.com/view/photo/s_ratio_poster/public/p617533616.jpg
菊次郎的夏天,剧情|喜剧,导演: 北野武 Takeshi Kitano   主演: 北野武 Takeshi Kitano / 关口雄介 Yus...,8.9,暂无简介,https://img9.doubanio.com/view/photo/s_ratio_poster/public/p2620392435.jpg
入殓师,剧情,导演: 泷田洋二郎 Yôjirô Takita   主演: 本木雅弘 Masahiro Motoki / ...,8.9,暂无简介,https://img9.doubanio.com/view/photo/s_ratio_poster/public/p2707581855.jpg
断背山,剧情|爱情|同性|家庭,导演: 李安 Ang Lee   主演: 希斯·莱杰 Heath Ledger / 杰克·吉伦哈尔 Jake...,8.8,暂无简介,https://img3.doubanio.com/view/photo/s_ratio_poster/public/p2169104127.jpg
剪刀手爱德华,剧情|爱情|奇幻,导演: 蒂姆·波顿 Tim Burton   主演: 约翰尼·德普 Johnny Depp / 薇诺娜·...,8.7,暂无简介,https://img3.doubanio.com/view/photo/s_ratio_poster/public/p480956937.jpg
勇敢的心,动作|传记|剧情|历史|战争,导演: 梅尔·吉布森 Mel Gibson   主演: 梅尔·吉布森 Mel Gibson / 苏菲·玛...,8.9,暂无简介,https://img1.doubanio.com/view/photo/s_ratio_poster/public/p2004174709.jpg
时空恋旅人,喜剧|爱情|奇幻,导演: 理查德·柯蒂斯 Richard Curtis   主演: 多姆纳尔·格里森 Domhnall Gl...,8.8,暂无简介,https://img9.doubanio.com/view/photo/s_ratio_poster/public/p2070153774.jpg
驯龙高手,动画|奇幻|冒险,导演: 迪恩·德布洛斯 Dean DeBlois / 克里斯·桑德斯 Chris Sanders   主演:...,8.8,暂无简介,https://img9.doubanio.com/view/photo/s_ratio_poster/public/p2210954024.jpg
消失的爱人,剧情|犯罪|悬疑|惊悚,导演: 大卫·芬奇 David Fincher   主演: 本·阿弗莱克 Ben Affleck / 罗莎蒙...,8.7,暂无简介,https://img9.doubanio.com/view/photo/s_ratio_poster/public/p2221768894.jpg
无人知晓,剧情,导演: 是枝裕和 Hirokazu Koreeda   主演: 柳乐优弥 Yûya Yagira / 北浦爱...,9.1,暂无简介,https://img3.doubanio.com/view/photo/s_ratio_poster/public/p661160053.jpg
倩女幽魂,爱情|奇幻|武侠|古装,导演: 程小东 Siu-Tung Ching   主演: 张国荣 Leslie Cheung / 王祖贤 Joey W...,8.8,暂无简介,https://img9.doubanio.com/view/photo/s_ratio_poster/public/p2918554634.jpg
傲慢与偏见,剧情|爱情,导演: 乔·怀特 Joe Wright   主演: 凯拉·奈特莉 Keira Knightley / 马修·...,8.7,暂无简介,https://img1.doubanio.com/view/photo/s_ratio_poster/public/p2016401659.jpg
新世界,剧情|犯罪,导演: 朴勋政 Hoon-jung Park   主演: 李政宰 Jung-Jae Lee / 崔岷植 Min-sik...,8.9,暂无简介,https://img1.doubanio.com/view/photo/s_ratio_poster/public/p1903379979.jpg
花样年华,剧情|爱情,导演: 王家卫 Kar Wai Wong   主演: 张曼玉 Maggie Cheung / 梁朝伟 Tony Leu...,8.8,暂无简介,https://img3.doubanio.com/view/photo/s_ratio_poster/public/p2918312477.jpg
玩具总动员3,喜剧|动画|奇幻|冒险,导演: 李·昂克里奇 Lee Unkrich   主演: 汤姆·汉克斯 Tom Hanks / 蒂姆·艾...,8.9,暂无简介,https://img1.doubanio.com/view/photo/s_ratio_poster/public/p1283675359.jpg
一个叫欧维的男人决定去死,剧情,导演: 汉内斯·赫尔姆 Hannes Holm   主演: 罗夫·拉斯加德 Rolf Lassgård...,8.9,暂无简介,https://img3.doubanio.com/view/photo/s_ratio_poster/public/p2406624993.jpg
完美的世界,剧情|犯罪,导演: 克林特·伊斯特伍德 Clint Eastwood   主演: 凯文·科斯特纳 Kevin Cos...,9.1,暂无简介,https://img1.doubanio.com/view/photo/s_ratio_poster/public/p2190556408.jpg
色，戒,剧情|爱情|情色,导演: 李安 Ang Lee   主演: 梁朝伟 Tony Leung Chiu Wai / 汤唯 Wei Tang / ...,8.7,暂无简介,https://img9.doubanio.com/view/photo/s_ratio_poster/public/p453716305.jpg
阳光灿烂的日子,剧情|爱情,导演: 姜文 Wen Jiang   主演: 夏雨 Yu Xia / 宁静 Jing Ning / 陶虹 Hong Tao,8.8,暂无简介,https://img3.doubanio.com/view/photo/s_ratio_poster/public/p2582946597.jpg
怪兽电力公司,儿童|喜剧|动画|奇幻|冒险,导演: 彼特·道格特 Pete Docter / 大卫·斯沃曼 David Silverman   主演: 约...,8.8,暂无简介,https://img1.doubanio.com/view/photo/s_ratio_poster/public/p2513247938.jpg
小森林 夏秋篇,剧情,导演: 森淳一 Junichi Mori   主演: 桥本爱 Ai Hashimoto / 三浦贵大 Takahir...,9.0,暂无简介,https://img1.doubanio.com/view/photo/s_ratio_poster/public/p2232317770.jpg
天使爱美丽,剧情|喜剧|爱情,导演: 让-皮埃尔·热内 Jean-Pierre Jeunet   主演: 奥黛丽·塔图 Audrey Tau...,8.7,暂无简介,https://img3.doubanio.com/view/photo/s_ratio_poster/public/p2447590313.jpg
教父3,剧情|犯罪,导演: 弗朗西斯·福特·科波拉 Francis Ford Coppola   主演: 阿尔·帕西诺 A...,9.0,暂无简介,https://img2.doubanio.com/view/photo/s_ratio_poster/public/p2169664351.jpg
侧耳倾听,剧情|爱情|动画,导演: 近藤喜文 Yoshifumi Kondo   主演: 本名阳子 Youko Honna / 小林桂树 K...,8.9,暂无简介,https://img3.doubanio.com/view/photo/s_ratio_poster/public/p456692072.jpg
哪吒闹海,冒险|动画|奇幻,导演: 王树忱 Shuchen Wang / 严定宪 Dingxian Yan   主演: 梁正晖 Zhenghui ...,9.2,暂无简介,https://img9.doubanio.com/view/photo/s_ratio_poster/public/p2532803206.jpg
九品芝麻官,剧情|喜剧|古装,导演: 王晶 Jing Wong   主演: 周星驰 Stephen Chow / 吴孟达 Man Tat Ng / ...,8.8,暂无简介,https://img1.doubanio.com/view/photo/s_ratio_poster/public/p648370300.jpg
被解救的姜戈,剧情|动作|西部|冒险,导演: 昆汀·塔伦蒂诺 Quentin Tarantino   主演: 杰米·福克斯 Jamie Foxx /...,8.8,暂无简介,https://img3.doubanio.com/view/photo/s_ratio_poster/public/p1800813767.jpg
请以你的名字呼唤我,剧情|爱情|同性,导演: 卢卡·瓜达尼诺 Luca Guadagnino   主演: 艾米·汉莫 Armie Hammer / ...,8.8,暂无简介,https://img1.doubanio.com/view/photo/s_ratio_poster/public/p2505525050.jpg
幸福终点站,喜剧|剧情|爱情,导演: 史蒂文·斯皮尔伯格 Steven Spielberg   主演: 汤姆·汉克斯 Tom Hanks...,8.8,暂无简介,https://img3.doubanio.com/view/photo/s_ratio_poster/public/p2181698213.jpg
釜山行,动作|惊悚|灾难,导演: 延尚昊 Sang-ho Yeon   主演: 孔刘 Yoo Gong / 郑有美 Yu-mi Jung / 马...,8.6,暂无简介,https://img1.doubanio.com/view/photo/s_ratio_poster/public/p2360940399.jpg
神偷奶爸,喜剧|动画|冒险,导演: 皮艾尔·柯芬 Pierre Coffin / 克里斯·雷纳德 Chris Renaud   主演: ...,8.7,暂无简介,https://img1.doubanio.com/view/photo/s_ratio_poster/public/p792776858.jpg
小森林 冬春篇,剧情,导演: 森淳一 Junichi Mori   主演: 桥本爱 Ai Hashimoto / 三浦贵大 Takahir...,9.0,暂无简介,https://img1.doubanio.com/view/photo/s_ratio_poster/public/p2258078370.jpg
喜宴,剧情|喜剧|爱情|同性|家庭,导演: 李安 Ang Lee   主演: 赵文瑄 Winston Chao / 归亚蕾 Ya-lei Kuei / 郎...,9.0,暂无简介,https://img3.doubanio.com/view/photo/s_ratio_poster/public/p2249048907.jpg
萤火之森,剧情|爱情|动画|奇幻,导演: 大森贵弘 Takahiro Omori   主演: 佐仓绫音 Ayane Sakura / 内山昂辉 K...,8.8,暂无简介,https://img3.doubanio.com/view/photo/s_ratio_poster/public/p1675053073.jpg
告白,剧情|悬疑,导演: 中岛哲也 Tetsuya Nakashima   主演: 松隆子 Takako Matsu / 冈田将生 ...,8.8,暂无简介,https://img9.doubanio.com/view/photo/s_ratio_poster/public/p689520756.jpg
玛丽和麦克斯,剧情|喜剧|动画,导演: 亚当·艾略特 Adam Elliot   主演: 托妮·科莱特 Toni Collette / 菲利...,9.0,暂无简介,https://img9.doubanio.com/view/photo/s_ratio_poster/public/p2923412445.jpg
七武士,动作|冒险|剧情,导演: 黑泽明 Akira Kurosawa   主演: 三船敏郎 Toshirô Mifune / 志村乔 ...,9.3,暂无简介,https://img9.doubanio.com/view/photo/s_ratio_poster/public/p2215886505.jpg
头号玩家,动作|科幻|冒险,导演: 史蒂文·斯皮尔伯格 Steven Spielberg   主演: 泰伊·谢里丹 Tye Sheri...,8.6,暂无简介,https://img3.doubanio.com/view/photo/s_ratio_poster/public/p2516578307.jpg
模仿游戏,剧情|传记|战争|同性,导演: 莫滕·泰杜姆 Morten Tyldum   主演: 本尼迪克特·康伯巴奇 Benedict C...,8.8,暂无简介,https://img1.doubanio.com/view/photo/s_ratio_poster/public/p2922986728.jpg
惊魂记,悬疑|惊悚|恐怖,导演: 阿尔弗雷德·希区柯克 Alfred Hitchcock   主演: 安东尼·博金斯 Antho...,9.0,暂无简介,https://img9.doubanio.com/view/photo/s_ratio_poster/public/p1021883305.jpg
大鱼,剧情|爱情|奇幻|冒险,导演: 蒂姆·波顿 Tim Burton   主演: 伊万·麦克格雷格 Ewan McGregor / 阿...,8.8,暂无简介,https://img9.doubanio.com/view/photo/s_ratio_poster/public/p692813374.jpg
心灵奇旅,动画|奇幻|音乐,导演: 彼特·道格特 Pete Docter / 凯普·鲍尔斯 Kemp Powers   主演: 杰米·...,8.7,暂无简介,https://img1.doubanio.com/view/photo/s_ratio_poster/public/p2595591069.jpg
射雕英雄传之东成西就,喜剧|奇幻|武侠|古装,导演: 刘镇伟 Jeffrey Lau   主演: 梁朝伟 Tony Leung Chiu Wai / 林青霞 Bri...,8.7,暂无简介,https://img3.doubanio.com/view/photo/s_ratio_poster/public/p2609063922.jpg
血战钢锯岭,剧情|传记|历史|战争,导演: 梅尔·吉布森 Mel Gibson   主演: 安德鲁·加菲尔德 Andrew Garfield /...,8.7,暂无简介,https://img1.doubanio.com/view/photo/s_ratio_poster/public/p2398141939.jpg
背靠背，脸对脸,剧情,导演: 黄建新 Jianxin Huang / 杨亚洲 Yazhou Yang   主演: 牛振华 Zhenhua N...,9.5,暂无简介,https://img3.doubanio.com/view/photo/s_ratio_poster/public/p2505048077.jpg
机器人之梦,剧情|动画|音乐,导演: 巴勃罗·贝格尔 Pablo Berger   主演: 伊万·拉班达 Ivan Labanda,9.1,暂无简介,https://img1.doubanio.com/view/photo/s_ratio_poster/public/p2928203369.jpg
你的名字。,剧情|爱情|动画,导演: 新海诚 Makoto Shinkai   主演: 神木隆之介 Ryûnosuke Kamiki / 上...,8.5,暂无简介,https://img2.doubanio.com/view/photo/s_ratio_poster/public/p2910701461.jpg
我是山姆,剧情|家庭,导演: 杰茜·尼尔森 Jessie Nelson   主演: Sean Penn / Dakota Fanning / Mi...,9.0,暂无简介,https://img9.doubanio.com/view/photo/s_ratio_poster/public/p652417775.jpg
阳光姐妹淘,剧情|喜剧,导演: 姜炯哲 Hyeong-Cheol Kang   主演: 沈恩京 Eun-kyung Shim / 闵孝琳 Hy...,8.8,暂无简介,https://img3.doubanio.com/view/photo/s_ratio_poster/public/p1374786017.jpg
恐怖直播,剧情|犯罪|悬疑,导演: 金秉祐 Byeong-woo Kim   主演: 河正宇 Jung-woo Ha / 李璟荣 Kyeong-y...,8.7,暂无简介,https://img9.doubanio.com/view/photo/s_ratio_poster/public/p2016930906.jpg
黑客帝国3：矩阵革命,动作|科幻,导演: 拉娜·沃卓斯基 Lana Wachowski / 莉莉·沃卓斯基 Lilly Wachowski   ...,8.8,暂无简介,https://img1.doubanio.com/view/photo/s_ratio_poster/public/p443461818.jpg
末路狂花,犯罪|剧情|惊悚,导演: 雷德利·斯科特 Ridley Scott   主演: 吉娜·戴维斯 Geena Davis / 苏...,9.0,暂无简介,https://img9.doubanio.com/view/photo/s_ratio_poster/public/p1910924635.jpg
小丑,剧情|犯罪|惊悚,导演: 托德·菲利普斯 Todd Phillips   主演: 杰昆·菲尼克斯 Joaquin Phoeni...,8.7,暂无简介,https://img9.doubanio.com/view/photo/s_ratio_poster/public/p2567198874.jpg
三块广告牌,剧情|犯罪,导演: 马丁·麦克唐纳 Martin McDonagh   主演: 弗兰西斯·麦克多蒙德 France...,8.7,暂无简介,https://img9.doubanio.com/view/photo/s_ratio_poster/public/p2502943384.jpg
谍影重重3,动作|悬疑|惊悚,导演: 保罗·格林格拉斯 Paul Greengrass   主演: 马特·达蒙 Matt Damon / ...,8.9,暂无简介,https://img3.doubanio.com/view/photo/s_ratio_poster/public/p792223507.jpg
电锯惊魂,悬疑|惊悚|恐怖,导演: 詹姆斯·温 James Wan   主演: 雷·沃纳尔 Leigh Whannell / 加利·艾...,8.7,暂无简介,https://img9.doubanio.com/view/photo/s_ratio_poster/public/p726839485.jpg
高山下的花环,剧情|战争,导演: 谢晋 Jin Xie   主演: 吕晓禾 Xiaohe Lü / 唐国强 Guoqiang Tang / 何...,9.5,暂无简介,https://img1.doubanio.com/view/photo/s_ratio_poster/public/p2319879389.jpg
无间道2,剧情|犯罪|惊悚,导演: 刘伟强 Andrew Lau / 麦兆辉 Alan Mak   主演: 陈冠希 Edison Chen / ...,8.8,暂无简介,https://img1.doubanio.com/view/photo/s_ratio_poster/public/p958008320.jpg
达拉斯买家俱乐部,剧情|传记|同性,导演: 让-马克·瓦雷 Jean-Marc Vallée   主演: 马修·麦康纳 Matthew McCon...,8.8,暂无简介,https://img3.doubanio.com/view/photo/s_ratio_poster/public/p2166160837.jpg
疯狂原始人,喜剧|动画|冒险,导演: 科克·德·米科 Kirk De Micco / 克里斯·桑德斯 Chris Sanders   主演...,8.7,暂无简介,https://img3.doubanio.com/view/photo/s_ratio_poster/public/p1867084027.jpg
绿里奇迹,犯罪|剧情|奇幻|悬疑,导演: 弗兰克·德拉邦特 Frank Darabont   主演: 汤姆·汉克斯 Tom Hanks / ...,8.9,暂无简介,https://img2.doubanio.com/view/photo/s_ratio_poster/public/p767586451.jpg
爱在午夜降临前,剧情|爱情,导演: 理查德·林克莱特 Richard Linklater   主演: 伊桑·霍克 Ethan Hawke ...,8.9,暂无简介,https://img1.doubanio.com/view/photo/s_ratio_poster/public/p2074715729.jpg
疯狂的石头,喜剧|犯罪,导演: 宁浩 Hao Ning   主演: 郭涛 Tao Guo / 刘桦 Hua Liu / 连晋 Teddy Lin,8.6,暂无简介,https://img3.doubanio.com/view/photo/s_ratio_poster/public/p712241453.jpg
雨中曲,喜剧|歌舞|爱情,导演: 斯坦利·多南 Stanley Donen / 吉恩·凯利 Gene Kelly   主演: 吉恩·...,9.1,暂无简介,https://img9.doubanio.com/view/photo/s_ratio_poster/public/p1612355875.jpg
2001太空漫游,科幻|惊悚|冒险,导演: 斯坦利·库布里克 Stanley Kubrick   主演: 凯尔·杜拉 Keir Dullea / ...,8.9,暂无简介,https://img1.doubanio.com/view/photo/s_ratio_poster/public/p2926647970.jpg
海街日记,剧情|家庭,导演: 是枝裕和 Hirokazu Koreeda   主演: 绫濑遥 Haruka Ayase / 长泽雅美 M...,8.8,暂无简介,https://img3.doubanio.com/view/photo/s_ratio_poster/public/p2603364117.jpg
风之谷,动画|奇幻|冒险,导演: 宫崎骏 Hayao Miyazaki   主演: 岛本须美 Sumi Shimamoto / 松田洋治 Y...,8.9,暂无简介,https://img3.doubanio.com/view/photo/s_ratio_poster/public/p1917567652.jpg
上帝之城,犯罪|剧情,导演: 费尔南多·梅里尔斯 Fernando Meirelles / 卡迪亚·兰德 Kátia Lund  &nbsp...,9.0,暂无简介,https://img1.doubanio.com/view/photo/s_ratio_poster/public/p455677490.jpg
心迷宫,剧情|犯罪|悬疑,导演: 忻钰坤 Yukun Xin   主演: 霍卫民 Weimin Huo / 王笑天 Xiaotian Wang ...,8.7,暂无简介,https://img1.doubanio.com/view/photo/s_ratio_poster/public/p2926020289.jpg
英雄本色,剧情|动作|犯罪,导演: 吴宇森 John Woo   主演: 周润发 Yun-Fat Chow / 狄龙 Lung Ti / 张国...,8.6,暂无简介,https://img3.doubanio.com/view/photo/s_ratio_poster/public/p2504997087.jpg
记忆碎片,犯罪|剧情|悬疑|惊悚,导演: 克里斯托弗·诺兰 Christopher Nolan   主演: 盖·皮尔斯 Guy Pearce /...,8.7,暂无简介,https://img3.doubanio.com/view/photo/s_ratio_poster/public/p641688453.jpg
纵横四海,剧情|喜剧|动作|犯罪,导演: 吴宇森 John Woo   主演: 周润发 Yun-Fat Chow / 张国荣 Leslie Cheung...,8.8,暂无简介,https://img1.doubanio.com/view/photo/s_ratio_poster/public/p2597918718.jpg
无敌破坏王,喜剧|动画|奇幻|冒险,导演: 瑞奇·莫尔 Rich Moore   主演: 约翰·C·赖利 John C. Reilly / 萨拉...,8.7,暂无简介,https://img9.doubanio.com/view/photo/s_ratio_poster/public/p1735642656.jpg
卢旺达饭店,剧情|传记|历史|战争,导演: 特瑞·乔治 Terry George   主演: 唐·钱德尔 Don Cheadle / 苏菲·奥...,8.9,暂无简介,https://img3.doubanio.com/view/photo/s_ratio_poster/public/p470419493.jpg
东京教父,剧情|喜剧|动画,导演: 今敏 Satoshi Kon   主演: 江守彻 Toru Emori / 梅垣义明 Yoshiaki Ume...,9.0,暂无简介,https://img1.doubanio.com/view/photo/s_ratio_poster/public/p456703618.jpg
小偷家族,剧情|犯罪|家庭,导演: 是枝裕和 Hirokazu Koreeda   主演: 中川雅也 Lily Franky / 安藤樱 Sa...,8.7,暂无简介,https://img9.doubanio.com/view/photo/s_ratio_poster/public/p2530599636.jpg
恐怖游轮,科幻|悬疑|奇幻|惊悚,导演: 克里斯托弗·史密斯 Christopher Smith   主演: 梅利莎·乔治 Melissa ...,8.5,暂无简介,https://img9.doubanio.com/view/photo/s_ratio_poster/public/p462470694.jpg
牯岭街少年杀人事件,剧情|犯罪,导演: 杨德昌 Edward Yang   主演: 张震 Chen Chang / 杨静怡 Lisa Yang / 张...,8.9,暂无简介,https://img9.doubanio.com/view/photo/s_ratio_poster/public/p848381236.jpg
冰川时代,喜剧|动画|冒险,导演: 卡洛斯·沙尔丹哈 Carlos Saldanha / 克里斯·韦奇 Chris Wedge   主演...,8.7,暂无简介,https://img1.doubanio.com/view/photo/s_ratio_poster/public/p1910895719.jpg
魔女宅急便,动画|奇幻|冒险,导演: 宫崎骏 Hayao Miyazaki   主演: 高山南 Minami Takayama / 佐久间玲 Re...,8.7,暂无简介,https://img3.doubanio.com/view/photo/s_ratio_poster/public/p456676352.jpg
芙蓉镇,剧情|爱情,导演: 谢晋 Jin Xie   主演: 刘晓庆 Xiaoqing Liu / 姜文 Wen Jiang / 郑在石...,9.3,暂无简介,https://img1.doubanio.com/view/photo/s_ratio_poster/public/p2575337180.jpg
忠犬八公物语,剧情,导演: 神山征二郎 Seijirô Kôyama   主演: 仲代达矢 Tatsuya Nakadai /...,9.2,暂无简介,https://img9.doubanio.com/view/photo/s_ratio_poster/public/p2603716224.jpg
岁月神偷,剧情|家庭,导演: 罗启锐 Alex Law   主演: 吴君如 Sandra Ng / 任达华 Simon Yam / 钟绍...,8.7,暂无简介,https://img2.doubanio.com/view/photo/s_ratio_poster/public/p456666151.jpg
遗愿清单,冒险|喜剧|剧情,导演: 罗伯·莱纳 Rob Reiner   主演: 杰克·尼科尔森 Jack Nicholson / 摩根...,8.7,暂无简介,https://img3.doubanio.com/view/photo/s_ratio_poster/public/p2676812053.jpg
荒蛮故事,剧情|喜剧|犯罪,导演: 达米安·斯兹弗隆 Damián Szifron   主演: 达里奥·葛兰帝内提 Darío...,8.7,暂无简介,https://img3.doubanio.com/view/photo/s_ratio_poster/public/p2919686972.jpg
大佛普拉斯,剧情|喜剧,导演: 黄信尧 Hsin-yao Huang   主演: 庄益增 Yizeng Zhuang / 陈竹昇 Chu-sh...,8.7,暂无简介,https://img3.doubanio.com/view/photo/s_ratio_poster/public/p2505928032.jpg
源代码,科幻|悬疑|惊悚,导演: 邓肯·琼斯 Duncan Jones   主演: 杰克·吉伦哈尔 Jake Gyllenhaal / ...,8.6,暂无简介,https://img9.doubanio.com/view/photo/s_ratio_poster/public/p988260245.jpg
花束般的恋爱,剧情|爱情,导演: 土井裕泰 Nobuhiro Doi   主演: 菅田将晖 Masaki Suda / 有村架纯 Kasu...,8.6,暂无简介,https://img3.doubanio.com/view/photo/s_ratio_poster/public/p2868462052.jpg
白日梦想家,剧情|喜剧|冒险,导演: 本·斯蒂勒 Ben Stiller   主演: 本·斯蒂勒 Ben Stiller / 克里斯汀·...,8.6,暂无简介,https://img3.doubanio.com/view/photo/s_ratio_poster/public/p2893896472.jpg
疯狂的麦克斯4：狂暴之路,动作|科幻|冒险,导演: 乔治·米勒 George Miller   主演: 汤姆·哈迪 Tom Hardy / 查理兹·塞...,8.7,暂无简介,https://img3.doubanio.com/view/photo/s_ratio_poster/public/p2236181653.jpg
可可西里,剧情|犯罪,导演: 陆川 Chuan Lu   主演: 多布杰 Duobujie / 张磊 Lei Zhang / 亓亮 Qi L...,8.9,暂无简介,https://img9.doubanio.com/view/photo/s_ratio_poster/public/p2363208684.jpg
你看起来好像很好吃,剧情|动画|儿童,导演: 藤森雅也 Masaya Fujimori   主演: 山口胜平 Kappei Yamaguchi / 爱河...,8.9,暂无简介,https://img3.doubanio.com/view/photo/s_ratio_poster/public/p709670262.jpg
爱乐之城,剧情|爱情|歌舞,导演: 达米恩·查泽雷 Damien Chazelle   主演: 瑞恩·高斯林 Ryan Gosling /...,8.4,暂无简介,https://img9.doubanio.com/view/photo/s_ratio_poster/public/p2929224846.jpg
贫民窟的百万富翁,剧情|爱情,导演: 丹尼·鲍尔 Danny Boyle / 洛芙琳·坦丹 Loveleen Tandan   主演: 戴夫...,8.6,暂无简介,https://img1.doubanio.com/view/photo/s_ratio_poster/public/p2434249040.jpg
波西米亚狂想曲,剧情|传记|同性|音乐,导演: 布莱恩·辛格 Bryan Singer   主演: 拉米·马雷克 Rami Malek / 本·哈...,8.6,暂无简介,https://img3.doubanio.com/view/photo/s_ratio_poster/public/p2549558913.jpg
城市之光,喜剧|剧情|爱情,导演: 查理·卓别林 Charles Chaplin   主演: 查理·卓别林 Charles Chaplin ...,9.3,暂无简介,https://img1.doubanio.com/view/photo/s_ratio_poster/public/p2170238828.jpg
爆裂鼓手,剧情|音乐,导演: 达米恩·查泽雷 Damien Chazelle   主演: 迈尔斯·特勒 Miles Teller /...,8.6,暂无简介,https://img1.doubanio.com/view/photo/s_ratio_poster/public/p2915975989.jpg
青蛇,剧情|爱情|奇幻|古装,导演: 徐克 Hark Tsui   主演: 张曼玉 Maggie Cheung / 王祖贤 Joey Wang / ...,8.6,暂无简介,https://img1.doubanio.com/view/photo/s_ratio_poster/public/p2923862788.jpg
东邪西毒,剧情|动作|爱情|武侠|古装,导演: 王家卫 Kar Wai Wong   主演: 张国荣 Leslie Cheung / 林青霞 Brigitte...,8.6,暂无简介,https://img3.doubanio.com/view/photo/s_ratio_poster/public/p1982176012.jpg
哈利·波特与死亡圣器(上),奇幻|冒险,导演: 大卫·叶茨 David Yates   主演: 丹尼尔·雷德克里夫 Daniel Radcliffe...,8.6,暂无简介,https://img9.doubanio.com/view/photo/s_ratio_poster/public/p2913456984.jpg
无耻混蛋,剧情|犯罪,导演: 昆汀·塔伦蒂诺 Quentin Tarantino   主演: 布拉德·皮特 Brad Pitt / ...,8.7,暂无简介,https://img1.doubanio.com/view/photo/s_ratio_poster/public/p2575043939.jpg
终结者2：审判日,动作|科幻,导演: 詹姆斯·卡梅隆 James Cameron   主演: 阿诺·施瓦辛格 Arnold Schwarz...,8.8,暂无简介,https://img9.doubanio.com/view/photo/s_ratio_poster/public/p1910909085.jpg
大红灯笼高高挂,剧情,导演: 张艺谋 Yimou Zhang   主演: 巩俐 Li Gong / 马精武 Jingwu Ma / 何赛...,8.8,暂无简介,https://img3.doubanio.com/view/photo/s_ratio_poster/public/p1254404823.jpg
黑天鹅,剧情|惊悚,导演: 达伦·阿罗诺夫斯基 Darren Aronofsky   主演: 娜塔莉·波特曼 Natalie...,8.6,暂无简介,https://img9.doubanio.com/view/photo/s_ratio_poster/public/p2549648344.jpg
新龙门客栈,动作|爱情|武侠|古装,导演: 李惠民 Raymond Lee   主演: 张曼玉 Maggie Cheung / 林青霞 Brigitte ...,8.7,暂无简介,https://img1.doubanio.com/view/photo/s_ratio_poster/public/p1421018669.jpg
初恋这件小事,剧情|喜剧|爱情,导演: 普特鹏·普罗萨卡·那·萨克那卡林 Puttipong Promsaka Na Sakolnakorn / 华森·波克彭...,8.5,暂无简介,https://img3.doubanio.com/view/photo/s_ratio_poster/public/p1505312273.jpg
人工智能,剧情|科幻,导演: 史蒂文·斯皮尔伯格 Steven Spielberg   主演: 海利·乔·奥斯蒙 Haley...,8.7,暂无简介,https://img3.doubanio.com/view/photo/s_ratio_poster/public/p792257137.jpg
千钧一发,剧情|科幻|惊悚,导演: 安德鲁·尼科尔 Andrew Niccol   主演: 伊桑·霍克 Ethan Hawke / 乌玛...,8.8,暂无简介,https://img3.doubanio.com/view/photo/s_ratio_poster/public/p792423963.jpg
崖上的波妞,动画|奇幻|冒险,导演: 宫崎骏 Hayao Miyazaki   主演: 奈良柚莉爱 Yuria Nara / 土井洋辉 Hir...,8.6,暂无简介,https://img1.doubanio.com/view/photo/s_ratio_poster/public/p2627847859.jpg
雨人,剧情,导演: 巴瑞·莱文森 Barry Levinson   主演: 达斯汀·霍夫曼 Dustin Hoffman ...,8.7,暂无简介,https://img3.doubanio.com/view/photo/s_ratio_poster/public/p2353324612.jpg
虎口脱险,喜剧|战争,导演: 杰拉尔·乌里 Gérard Oury   主演: 路易·德·菲耐斯 Louis de Funès...,8.9,暂无简介,https://img3.doubanio.com/view/photo/s_ratio_poster/public/p2399597512.jpg
哈利·波特与凤凰社,奇幻|冒险,导演: 大卫·叶茨 David Yates   主演: 丹尼尔·雷德克里夫 Daniel Radcliffe...,8.6,暂无简介,https://img9.doubanio.com/view/photo/s_ratio_poster/public/p2913456924.jpg
彗星来的那一夜,科幻|悬疑|惊悚,导演: 詹姆斯·沃德·布柯特 James Ward Byrkit   主演: 艾米丽·芭尔多尼 Em...,8.6,暂无简介,https://img9.doubanio.com/view/photo/s_ratio_poster/public/p2187896734.jpg
罗生门,剧情|犯罪|悬疑,导演: 黑泽明 Akira Kurosawa   主演: 三船敏郎 Toshirô Mifune / 京町子 ...,8.8,暂无简介,https://img2.doubanio.com/view/photo/s_ratio_poster/public/p1598883511.jpg
海边的曼彻斯特,剧情|家庭,导演: 肯尼斯·罗纳根 Kenneth Lonergan   主演: 卡西·阿弗莱克 Casey Affle...,8.6,暂无简介,https://img9.doubanio.com/view/photo/s_ratio_poster/public/p2421855655.jpg
恋恋笔记本,剧情|爱情,导演: 尼克·卡索维茨 Nick Cassavetes   主演: 瑞恩·高斯林 Ryan Gosling /...,8.5,暂无简介,https://img9.doubanio.com/view/photo/s_ratio_poster/public/p483604864.jpg
真爱至上,喜剧|剧情|爱情,导演: 理查德·柯蒂斯 Richard Curtis   主演: 休·格兰特 Hugh Grant / 连姆...,8.5,暂无简介,https://img1.doubanio.com/view/photo/s_ratio_poster/public/p475600770.jpg
火星救援,剧情|科幻|冒险,导演: 雷德利·斯科特 Ridley Scott   主演: 马特·达蒙 Matt Damon / 杰西卡...,8.5,暂无简介,https://img3.doubanio.com/view/photo/s_ratio_poster/public/p2264592493.jpg
黑客帝国2：重装上阵,动作|科幻,导演: 拉娜·沃卓斯基 Lana Wachowski / 莉莉·沃卓斯基 Lilly Wachowski   ...,8.7,暂无简介,https://img1.doubanio.com/view/photo/s_ratio_poster/public/p443461390.jpg
步履不停,剧情|家庭,导演: 是枝裕和 Hirokazu Koreeda   主演: 阿部宽 Hiroshi Abe / 夏川结衣 Yu...,8.8,暂无简介,https://img1.doubanio.com/view/photo/s_ratio_poster/public/p2375245718.jpg
冰雪奇缘,喜剧|动画|奇幻|歌舞,导演: 克里斯·巴克 Chris Buck / 珍妮弗·李 Jennifer Lee   主演: 克里斯汀...,8.5,暂无简介,https://img3.doubanio.com/view/photo/s_ratio_poster/public/p2151245053.jpg
奇迹男孩,剧情|儿童|家庭,导演: 斯蒂芬·卓博斯基 Stephen Chbosky   主演: 雅各布·特伦布莱 Jacob Tr...,8.6,暂无简介,https://img1.doubanio.com/view/photo/s_ratio_poster/public/p2507709428.jpg
千年女优,动画|剧情|爱情,导演: 今敏 Satoshi Kon   主演: 庄司美代子 Miyoko Shôji / 小山茉美 Mam...,8.8,暂无简介,https://img9.doubanio.com/view/photo/s_ratio_poster/public/p2215102596.jpg
战争之王,剧情|犯罪,导演: 安德鲁·尼科尔 Andrew Niccol   主演: 尼古拉斯·凯奇 Nicolas Cage /...,8.7,暂无简介,https://img2.doubanio.com/view/photo/s_ratio_poster/public/p792282381.jpg
谍影重重2,动作|悬疑|惊悚,导演: 保罗·格林格拉斯 Paul Greengrass   主演: 马特·达蒙 Matt Damon / ...,8.7,暂无简介,https://img9.doubanio.com/view/photo/s_ratio_poster/public/p667644866.jpg
蜘蛛侠：平行宇宙,动作|科幻|动画|冒险,导演: 鲍勃·佩尔西凯蒂 Bob Persichetti / 彼得·拉姆齐 Peter Ramsey   主...,8.6,暂无简介,https://img1.doubanio.com/view/photo/s_ratio_poster/public/p2535851348.jpg
攻壳机动队,动作|科幻|动画,导演: 押井守 Mamoru Oshii   主演: 田中敦子 Atsuko Tanaka / 大冢明夫 Akio...,9.0,暂无简介,https://img3.doubanio.com/view/photo/s_ratio_poster/public/p2921045013.jpg
血钻,剧情|惊悚|冒险,导演: 爱德华·兹威克 Edward Zwick   主演: 莱昂纳多·迪卡普里奥 Leonardo ...,8.7,暂无简介,https://img3.doubanio.com/view/photo/s_ratio_poster/public/p1244017073.jpg
小姐,剧情|悬疑|情色|同性,导演: 朴赞郁 Chan-wook Park   主演: 金敏喜 Min-hee Kim / 金泰梨 Tae-ri K...,8.5,暂无简介,https://img9.doubanio.com/view/photo/s_ratio_poster/public/p2355555424.jpg
隐藏人物,剧情|传记|历史,导演: 特奥多尔·梅尔菲 Theodore Melfi   主演: 塔拉吉·P·汉森 Taraji P. ...,8.9,暂无简介,https://img1.doubanio.com/view/photo/s_ratio_poster/public/p2374067318.jpg
魂断蓝桥,剧情|爱情|战争,导演: 茂文·勒鲁瓦 Mervyn LeRoy   主演: 费雯·丽 Vivien Leigh / 罗伯特·...,8.8,暂无简介,https://img1.doubanio.com/view/photo/s_ratio_poster/public/p2351134499.jpg
血观音,剧情|悬疑,导演: 杨雅喆 Ya-che Yang   主演: 惠英红 Kara Wai Ying Hung / 吴可熙 Wu K...,8.6,暂无简介,https://img9.doubanio.com/view/photo/s_ratio_poster/public/p2505008756.jpg
房间,剧情|家庭,导演: 伦尼·阿伯拉罕森 Lenny Abrahamson   主演: 布丽·拉尔森 Brie Larson...,8.7,暂无简介,https://img9.doubanio.com/view/photo/s_ratio_poster/public/p2259715855.jpg
